ts,level_cm,rate_cm_min,rain_adc,temp_c,hum
1789742935.5875,0.0000,0.0000,4095.0000,26.6000,54.7000
1789742939.9905,0.0000,0.0000,4095.0000,26.6000,54.9000
1789742944.9036,0.0000,0.0000,4095.0000,26.6000,55.1000
1789742949.9248,0.0000,0.0000,4095.0000,26.7000,55.0000
1789742955.6822,0.0000,0.0000,4095.0000,26.6000,55.0000
1789742960.1817,0.0000,0.0000,4095.0000,26.6000,55.0000
1789742964.8742,0.0000,0.0000,4095.0000,26.7000,55.1000
1789742969.8984,0.0000,0.0000,4095.0000,26.7000,55.0000
1789742974.9086,0.0000,0.0000,4095.0000,26.7000,55.1000
1789742980.0260,0.0000,0.0000,4095.0000,26.7000,55.2000
1789742984.9424,0.0000,0.0000,4095.0000,26.7000,55.2000
1789742990.0532,0.0000,0.0000,4095.0000,26.7000,55.2000
1789742995.4005,0.0000,0.0000,4095.0000,26.7000,55.2000
1789742999.8928,0.0000,0.0000,4095.0000,26.7000,55.0000
1789743009.5240,0.0000,0.0000,4095.0000,26.7000,54.9000
1789743020.4804,0.0000,0.0000,4095.0000,26.7000,54.9000
1789743020.5871,0.0000,0.0000,4095.0000,26.7000,54.9000
1789743020.5876,0.0000,0.0000,4095.0000,26.7000,54.8000
1789743024.8772,0.0000,0.0000,4095.0000,26.7000,55.0000
1789743029.8959,0.0000,0.0000,4095.0000,26.7000,55.0000
1789743034.8620,0.0000,0.0000,4095.0000,26.7000,55.0000
1789743039.9315,0.0000,0.0000,4095.0000,26.7000,55.0000
1789743044.8615,0.0000,0.0000,4095.0000,26.7000,55.0000
1789743049.9664,0.0000,0.0000,4095.0000,26.7000,54.9000
1789743054.9866,0.0000,0.0000,4095.0000,26.7000,55.0000
1789743059.8615,0.0000,0.0000,4095.0000,26.7000,54.9000
1789743064.8896,0.0000,0.0000,4095.0000,26.7000,54.9000
1789743071.4714,0.0000,0.0000,4095.0000,26.8000,54.8000
1789743074.9513,0.0000,0.0000,4095.0000,26.8000,54.9000
1789743079.9696,0.0000,0.0000,4095.0000,26.8000,55.1000
1789743084.8891,0.0000,0.0000,4095.0000,26.8000,55.2000
1789743089.8668,0.0000,0.0000,4095.0000,26.8000,55.4000
1789743094.9201,0.0000,0.0000,4095.0000,26.7000,55.5000
1789743099.8628,0.0000,0.0000,4095.0000,26.7000,55.5000
1789743104.8675,0.0000,0.0000,4095.0000,26.7000,55.5000
1789743109.8727,0.0000,0.0000,4095.0000,26.7000,55.5000
1789743114.8877,0.0000,0.0000,4095.0000,26.7000,55.5000
1789743119.8730,0.0000,0.0000,4095.0000,26.7000,55.2000
1789743124.9227,0.0000,0.0000,4095.0000,26.7000,55.5000
1789743129.8793,0.0000,0.0000,4095.0000,26.7000,55.5000
1789743134.9577,0.0000,0.0000,4095.0000,26.7000,55.3000
1789743139.9742,0.0000,0.0000,4095.0000,26.7000,55.3000
1789743144.8912,0.0000,0.0000,4095.0000,26.7000,55.5000
1789743149.9084,0.0000,0.0000,4095.0000,26.7000,55.5000
1789743154.8658,0.0000,0.0000,4095.0000,26.7000,55.5000
1789743159.8685,0.0000,0.0000,4095.0000,26.6000,55.5000
1789743164.9609,0.0000,0.0000,4095.0000,26.7000,55.5000
1789743169.9805,0.5100,0.2340,4095.0000,26.6000,55.8000
1789743174.8924,0.8700,0.5940,4095.0000,26.7000,56.0000
1789743179.9117,1.1600,1.0150,4095.0000,26.7000,56.0000
1789743184.8600,1.3800,1.4370,4095.0000,26.7000,55.9000
1789743189.9466,1.5200,1.8100,4095.0000,26.7000,56.0000
1789743194.9640,1.0100,1.8220,4095.0000,26.7000,56.1000
1789743199.9812,0.7100,1.6070,4095.0000,26.7000,56.0000
1789743204.8957,0.5000,1.2350,4095.0000,26.7000,55.8000
1789743209.9150,0.3500,0.7530,4095.0000,26.7000,55.7000
1789743214.9329,0.2400,0.1930,4095.0000,26.7000,55.6000
1789743220.1577,0.1700,-0.4200,4095.0000,26.7000,55.7000
1789743224.9280,0.1200,-1.0720,4095.0000,26.7000,56.0000
1789743229.8842,0.0800,-1.4730,4095.0000,26.7000,56.1000
1789743234.9016,0.0600,-1.6520,4095.0000,26.7000,56.2000
1789743239.9173,0.0400,-1.6110,4095.0000,26.7000,56.0000
1789743244.8632,0.0300,-1.3660,4095.0000,26.7000,56.0000
1789743249.8672,0.0200,-0.9320,4095.0000,26.6000,55.9000
1789743254.9719,0.0100,-0.6520,4095.0000,26.6000,55.9000
1789743259.9889,0.0100,-0.4570,4095.0000,26.6000,56.0000
1789743264.9029,0.0100,-0.3200,4095.0000,26.6000,56.0000
1789743269.9200,0.0000,-0.2240,4095.0000,26.6000,56.1000
1789743274.8612,0.0000,-0.1570,4095.0000,26.6000,56.1000
1789743279.9571,0.0000,-0.1100,4095.0000,26.6000,56.1000
1789743284.8767,0.0000,-0.0770,4095.0000,26.6000,56.1000
1789743289.8885,0.0000,-0.0540,4095.0000,26.6000,56.1000
1789743294.9050,0.0000,-0.0380,4095.0000,26.6000,55.9000
1789743299.8624,0.0000,-0.0260,4095.0000,26.6000,55.8000
1789743304.8645,0.0000,-0.0180,4095.0000,26.6000,55.9000
1789743309.8598,0.0000,-0.0130,4095.0000,26.6000,56.0000
1789743314.9501,0.0000,-0.0090,4095.0000,26.6000,56.3000
1789743320.0951,0.0000,-0.0070,4095.0000,26.6000,56.4000
1789743324.9983,0.0000,-0.0050,4095.0000,26.6000,56.3000
1789743329.8691,0.0000,-0.0030,4095.0000,26.6000,56.3000
1789743334.8603,0.0000,-0.0020,4095.0000,26.5000,56.2000
