ts,level_cm,rate_cm_min,rain_adc,rain_status,temp_c,hum,water_adc,sensor_ok,uptime_s
1789819935.1929,0.0000,0.0000,4095.0000,Dry,28.8000,60.5000,0.0000,True,2630.0000
1789819940.2156,0.0000,0.0000,4095.0000,Dry,28.8000,60.5000,0.0000,True,2635.0000
1789819945.2292,0.0000,0.0000,4095.0000,Dry,28.8000,60.5000,0.0000,True,2640.0000
1789819950.2529,0.0000,0.0000,4095.0000,Dry,28.8000,60.6000,0.0000,True,2645.0000
1789819955.1614,0.0000,0.0000,4095.0000,Dry,28.8000,60.7000,0.0000,True,2650.0000
1789819960.1775,0.0000,0.0000,4095.0000,Dry,28.8000,60.7000,0.0000,True,2655.0000
1789819965.1953,0.0000,0.0000,4095.0000,Dry,28.8000,60.6000,0.0000,True,2660.0000
1789819970.2136,0.0000,0.0000,4095.0000,Dry,28.8000,60.7000,0.0000,True,2665.0000
1789819975.2312,0.0000,0.0000,4095.0000,Dry,28.8000,60.7000,0.0000,True,2670.0000
1789819980.2514,0.0000,0.0000,4095.0000,Dry,28.8000,60.7000,0.0000,True,2675.0000
1789819985.1686,0.0000,0.0000,4095.0000,Dry,28.8000,60.7000,0.0000,True,2680.0000
1789819990.1323,0.0000,0.0000,4095.0000,Dry,28.8000,60.7000,0.0000,True,2685.0000
1789819995.1985,0.0000,0.0000,4095.0000,Dry,28.8000,60.7000,0.0000,True,2690.0000
1789820000.1360,0.0000,0.0000,4095.0000,Dry,28.8000,60.7000,0.0000,True,2695.0000
1789820005.2334,0.0000,0.0000,4095.0000,Dry,28.8000,60.7000,0.0000,True,2700.0000
1789820010.2510,0.4200,0.0000,4095.0000,Dry,28.8000,60.8000,440.0000,True,2705.0000
1789820015.1663,0.5900,0.0000,4095.0000,Dry,28.8000,60.8000,613.0000,True,2710.0000
1789820020.1289,0.7000,0.0000,4095.0000,Dry,28.8000,60.8000,728.0000,True,2715.0000
1789820025.2020,0.7000,0.0000,4095.0000,Dry,28.8000,60.8000,735.0000,True,2720.0000
1789820030.3213,0.7000,0.0000,1200.0000,Heavy,28.8000,60.8000,748.0000,True,2725.0000
1789820040.1319,0.7000,0.4340,1280.0000,Heavy,28.9000,60.9000,702.0000,True,2735.0000
1789820045.1570,0.7000,0.0000,1278.0000,Heavy,28.8000,60.9000,752.0000,True,2740.0000
1789820050.2920,0.9100,0.0000,1289.0000,Heavy,28.9000,60.9000,954.0000,True,2745.0000
1789820055.2064,0.9100,0.4260,1591.0000,Light,28.9000,60.9000,1016.0000,True,2750.0000
1789820060.1333,0.9100,0.5120,4095.0000,Dry,28.9000,60.9000,1003.0000,True,2755.0000
1789820065.1373,1.4900,1.2790,4095.0000,Dry,28.9000,60.9000,1353.0000,True,2760.0000
1789820070.1557,1.4900,1.9110,4095.0000,Dry,28.9000,61.0000,1398.0000,True,2765.0000
1789820075.1321,1.4900,1.7500,4095.0000,Dry,28.9000,61.1000,1366.0000,True,2770.0000
1789820080.3936,1.4900,1.4000,4095.0000,Dry,28.9000,61.1000,1362.0000,True,2775.0000
1789820085.2102,1.4900,0.0000,4095.0000,Dry,28.9000,61.1000,1317.0000,True,2780.0000
1789820090.4352,1.1900,0.0000,4095.0000,Dry,28.9000,61.1000,1167.0000,True,2785.0000
1789820095.3279,1.1900,-0.7260,4095.0000,Dry,28.9000,61.1000,1139.0000,True,2790.0000
1789820100.1642,1.0900,-1.1710,4095.0000,Dry,28.9000,61.1000,1107.0000,True,2795.0000
1789820105.1687,1.2100,-0.8590,4095.0000,Dry,28.9000,61.1000,1177.0000,True,2800.0000
1789820110.1948,1.3400,0.0000,4095.0000,Dry,28.9000,61.1000,1259.0000,True,2805.0000
1789820115.2116,1.3400,0.4490,4095.0000,Dry,28.9000,61.1000,1261.0000,True,2810.0000
1789820120.2289,1.3400,0.5330,4095.0000,Dry,28.9000,61.2000,1231.0000,True,2815.0000
1789820125.1356,1.2400,0.3630,4095.0000,Dry,28.9000,61.2000,1200.0000,True,2820.0000
1789820130.2660,1.2400,0.0000,4095.0000,Dry,28.9000,61.7000,1164.0000,True,2825.0000
1789820135.1804,1.2400,-0.2880,4095.0000,Dry,28.9000,61.7000,1198.0000,True,2830.0000
1789820140.1984,1.2400,-0.2300,4095.0000,Dry,28.9000,61.7000,1174.0000,True,2835.0000
1789820145.2190,1.1500,-0.2880,4095.0000,Dry,28.9000,61.5000,1144.0000,True,2840.0000
1789820150.1499,1.2600,0.0000,4095.0000,Dry,28.9000,61.5000,1209.0000,True,2845.0000
1789820155.1524,1.9100,0.0000,4095.0000,Dry,28.9000,61.3000,1610.0000,True,2850.0000
1789820160.1317,1.9100,1.6000,4095.0000,Dry,28.9000,61.3000,1644.0000,True,2855.0000
1789820165.1817,1.9100,2.0000,4095.0000,Dry,28.9000,61.4000,1627.0000,True,2860.0000
1789820170.1994,1.9100,1.8190,4095.0000,Dry,29.0000,61.3000,1607.0000,True,2865.0000
1789820175.2173,1.9100,0.0000,4095.0000,Dry,29.0000,61.4000,1604.0000,True,2870.0000
1789820180.2411,1.9100,0.0000,4095.0000,Dry,29.0000,61.4000,1613.0000,True,2875.0000
1789820185.2520,0.0000,0.0000,4095.0000,Dry,29.0000,61.4000,0.0000,True,2880.0000
1789820190.1713,1.4200,0.0000,4095.0000,Dry,29.0000,61.4000,1308.0000,True,2885.0000
1789820195.1850,1.8400,0.0000,4095.0000,Dry,29.0000,61.4000,1567.0000,True,2890.0000
1789820200.2097,1.8400,0.0000,4095.0000,Dry,29.0000,61.4000,1607.0000,True,2895.0000
1789820205.2207,1.8400,0.0000,4095.0000,Dry,29.0000,61.4000,1607.0000,True,2900.0000
1789820210.2374,2.8700,0.0000,4095.0000,Dry,29.0000,61.4000,1839.0000,True,2905.0000
1789820215.2567,3.1100,4.0600,4095.0000,Dry,29.0000,61.4000,1890.0000,True,2910.0000
1789820220.1340,1.0100,0.0000,4095.0000,Dry,29.0000,61.4000,1058.0000,True,2915.0000
1789820225.1316,1.0100,-1.9860,4095.0000,Dry,29.0000,61.4000,989.0000,True,2920.0000
1789820230.1311,0.5500,-3.3110,4095.0000,Dry,29.0000,61.5000,571.0000,True,2925.0000
1789820235.2249,2.0000,-3.3430,4095.0000,Dry,29.0000,61.7000,1663.0000,True,2930.0000
1789820240.1382,3.3700,0.6270,4095.0000,Dry,29.0000,61.6000,1937.0000,True,2935.0000
1789820245.2640,1.8000,3.9350,4095.0000,Dry,29.0000,61.6000,1539.0000,True,2940.0000
1789820250.1734,2.2400,4.9880,4095.0000,Dry,29.0000,61.7000,1708.0000,True,2945.0000
1789820255.1443,2.3600,3.3960,4095.0000,Dry,29.0000,61.7000,1730.0000,True,2950.0000
1789820260.2085,2.7300,1.4670,4095.0000,Dry,29.0000,61.7000,1809.0000,True,2955.0000
1789820265.2261,2.8200,2.3140,4095.0000,Dry,29.0000,61.7000,1828.0000,True,2960.0000
1789820270.1319,2.8200,2.4530,4095.0000,Dry,29.0000,61.7000,1821.0000,True,2965.0000
1789820275.2718,2.8200,1.3880,4095.0000,Dry,29.0000,61.8000,1814.0000,True,2970.0000
1789820280.1458,2.8200,0.3300,4095.0000,Dry,29.0000,61.8000,1825.0000,True,2975.0000
1789820285.1644,3.1900,0.3300,4095.0000,Dry,29.0000,61.9000,1904.0000,True,2980.0000
1789820290.2140,3.2900,1.1450,4095.0000,Dry,29.0000,61.9000,1923.0000,True,2985.0000
1789820295.2299,3.2900,1.4310,4095.0000,Dry,29.0000,61.9000,1920.0000,True,2990.0000
1789820301.6809,3.2900,1.2670,4095.0000,Dry,29.0000,61.9000,1916.0000,True,2995.0000
1789820305.1627,3.2900,0.4220,4095.0000,Dry,29.0000,61.9000,1910.0000,True,3000.0000
1789820310.1819,3.6100,0.4220,4095.0000,Dry,29.0000,61.9000,1981.0000,True,3005.0000
1789820315.1993,3.9400,1.2420,4095.0000,Dry,29.0000,62.0000,2048.0000,True,3010.0000
1789820320.2155,3.8100,1.5320,4095.0000,Dry,29.0000,62.0000,2021.0000,True,3015.0000
1789820325.1417,3.7200,1.2920,4095.0000,Dry,29.0000,62.0000,2005.0000,True,3020.0000
1789820330.2507,3.7200,0.4800,4095.0000,Dry,29.0000,62.0000,2001.0000,True,3025.0000
1789820335.2676,3.6300,-0.5400,4095.0000,Dry,29.0000,62.0000,1987.0000,True,3030.0000
1789820340.1314,3.6300,-0.6800,4095.0000,Dry,29.0000,62.1000,1973.0000,True,3035.0000
1789820345.1487,3.5400,-0.5700,4095.0000,Dry,29.0000,62.1000,1967.0000,True,3040.0000
1789820350.1314,3.5400,-0.5400,4095.0000,Dry,29.0000,62.1000,1969.0000,True,3045.0000
1789820355.1335,3.5400,-0.4560,4095.0000,Dry,29.0000,62.1000,1969.0000,True,3050.0000
1789820360.1505,3.7800,0.0000,4095.0000,Dry,29.0000,62.1000,2016.0000,True,3055.0000
1789820365.1699,3.8700,0.5520,4095.0000,Dry,29.0000,62.2000,2033.0000,True,3060.0000
1789820370.1857,3.7000,0.6600,1611.0000,Light,29.0000,62.2000,2000.0000,True,3065.0000
1789820375.2032,3.0900,0.0000,1884.0000,Light,29.0000,62.2000,1887.0000,True,3070.0000
1789820380.1321,2.9600,-1.6030,1798.0000,Light,29.0000,62.2000,1861.0000,True,3075.0000
1789820385.3426,1.6200,-4.4350,1119.0000,Heavy,29.0000,62.2000,1430.0000,True,3080.0000
1789820390.1544,1.6200,-5.9060,1304.0000,Heavy,29.0000,62.1000,1404.0000,True,3085.0000
1789820395.1737,1.4200,-5.9060,1339.0000,Heavy,29.0000,62.2000,1307.0000,True,3090.0000
1789820400.1920,1.6800,-3.4030,1954.0000,Light,29.0000,62.2000,1466.0000,True,3095.0000
1789820405.1521,1.7600,0.0000,2116.0000,Light,29.0000,62.3000,1518.0000,True,3100.0000
1789820410.1333,1.8400,0.5720,2311.0000,Light,29.0000,62.3000,1569.0000,True,3105.0000
1789820415.2431,1.8400,0.6780,2411.0000,Light,29.1000,62.3000,1580.0000,True,3110.0000
1789820420.1581,1.4700,0.6700,1256.0000,Heavy,29.0000,62.3000,1339.0000,True,3115.0000
1789820425.2429,1.3600,-0.7610,1316.0000,Heavy,29.1000,62.3000,1271.0000,True,3120.0000
1789820430.1933,2.8100,0.0000,1998.0000,Light,29.1000,62.3000,1827.0000,True,3125.0000
1789820435.2114,3.4300,3.8010,1740.0000,Light,29.0000,62.3000,1947.0000,True,3130.0000
1789820440.2287,3.5800,4.7520,1505.0000,Light,29.1000,62.3000,1976.0000,True,3135.0000
1789820445.3502,2.6700,4.6020,1315.0000,Heavy,29.1000,62.3000,1794.0000,True,3140.0000
1789820450.1610,2.3200,1.8270,1245.0000,Heavy,29.1000,62.3000,1723.0000,True,3145.0000
1789820455.1812,2.3200,-2.0840,1125.0000,Heavy,29.1000,62.3000,1720.0000,True,3150.0000
1789820460.1326,2.4700,-3.3170,1298.0000,Heavy,29.1000,62.3000,1749.0000,True,3155.0000
1789820465.1484,2.3400,-1.5330,3696.0000,Dry,29.1000,62.3000,1726.0000,True,3160.0000
1789820470.3351,2.4900,0.0000,3566.0000,Dry,29.1000,62.3000,1754.0000,True,3165.0000
1789820475.2495,0.6700,0.0000,3739.0000,Dry,29.1000,62.3000,699.0000,True,3170.0000
1789820480.1679,0.6700,-3.9680,3763.0000,Dry,29.1000,62.3000,638.0000,True,3175.0000
1789820490.1839,0.5900,-4.2030,3875.0000,Dry,29.1000,62.3000,613.0000,True,3185.0000
1789820495.2189,0.5900,-3.5020,3973.0000,Dry,29.1000,62.4000,683.0000,True,3190.0000
1789820505.1516,0.8000,-0.3250,4095.0000,Dry,29.1000,62.3000,840.0000,True,3200.0000
1789820510.1690,0.9700,0.3190,4095.0000,Dry,29.1000,62.3000,1019.0000,True,3205.0000
1789820515.1854,0.9700,0.8570,4095.0000,Dry,29.2000,62.3000,1051.0000,True,3210.0000
1789820520.2037,0.9700,0.9190,4095.0000,Dry,29.1000,62.3000,1045.0000,True,3215.0000
1789820525.1477,1.0800,0.9190,4095.0000,Dry,29.1000,62.3000,1101.0000,True,3220.0000
1789820530.3617,1.0000,0.4490,4095.0000,Dry,29.2000,62.3000,1049.0000,True,3225.0000
1789820535.1574,0.7500,0.0000,4095.0000,Dry,29.2000,62.4000,789.0000,True,3230.0000
1789820540.1695,0.6500,-0.8680,4095.0000,Dry,29.1000,62.4000,684.0000,True,3235.0000
1789820545.1895,0.6500,-1.0060,4095.0000,Dry,29.2000,62.4000,646.0000,True,3240.0000
1789820550.1391,0.6500,-1.0330,4095.0000,Dry,29.2000,62.4000,639.0000,True,3245.0000
1789820555.7392,0.6500,-0.3960,4095.0000,Dry,29.2000,62.6000,624.0000,True,3250.0000
1789820560.2419,0.6500,0.0000,4095.0000,Dry,29.2000,62.5000,617.0000,True,3255.0000
1789820565.1567,0.5600,0.0000,4095.0000,Dry,29.1000,62.4000,583.0000,True,3260.0000
1789820570.1774,0.5600,-0.2290,4095.0000,Dry,29.2000,62.5000,511.0000,True,3265.0000
1789820575.1933,0.4500,-0.4960,4095.0000,Dry,29.2000,62.4000,466.0000,True,3270.0000
1789820580.2109,0.4500,-0.5720,4095.0000,Dry,29.2000,62.4000,441.0000,True,3275.0000
1789820585.3293,0.4500,-0.4960,4095.0000,Dry,29.2000,62.4000,410.0000,True,3280.0000
1789820590.2452,0.3500,-0.4450,4095.0000,Dry,29.2000,62.4000,360.0000,True,3285.0000
1789820595.1594,0.3500,-0.4450,4095.0000,Dry,29.2000,62.4000,342.0000,True,3290.0000
1789820600.1788,0.3500,-0.3060,4095.0000,Dry,29.2000,62.6000,325.0000,True,3295.0000
1789820605.1312,0.3500,-0.2450,4095.0000,Dry,29.2000,62.6000,430.0000,True,3300.0000
1789820610.2133,0.3500,0.0000,4095.0000,Dry,29.2000,62.6000,401.0000,True,3305.0000
1789820615.2298,0.3500,0.0000,4095.0000,Dry,29.2000,62.6000,355.0000,True,3310.0000
1789820620.2456,0.3500,0.0000,4095.0000,Dry,29.2000,62.6000,391.0000,True,3315.0000
1789820625.1627,0.2100,0.0000,1376.0000,Heavy,29.2000,62.6000,222.0000,True,3320.0000
1789820630.1817,0.3300,0.0000,1486.0000,Heavy,29.2000,62.6000,339.0000,True,3325.0000
1789820635.1339,0.0000,0.0000,1593.0000,Light,29.2000,62.6000,0.0000,True,3330.0000
1789820640.2153,0.0000,0.0000,975.0000,Heavy,29.2000,62.6000,0.0000,True,3335.0000
1789820645.1443,0.0000,0.0000,1071.0000,Heavy,29.2000,62.7000,0.0000,True,3340.0000
1789820650.2531,0.0000,0.0000,1127.0000,Heavy,29.2000,62.7000,0.0000,True,3345.0000
1789820655.1663,0.0000,0.0000,1167.0000,Heavy,29.2000,62.7000,0.0000,True,3350.0000
1789820660.1315,0.0000,0.0000,1191.0000,Heavy,29.2000,62.7000,0.0000,True,3355.0000
1789820665.2005,0.0000,0.0000,1221.0000,Heavy,29.2000,62.7000,0.0000,True,3360.0000
1789820670.2187,0.0000,0.0000,1248.0000,Heavy,29.2000,62.7000,0.0000,True,3365.0000
1789820675.2358,0.0000,0.0000,1265.0000,Heavy,29.2000,62.7000,0.0000,True,3370.0000
1789820680.1508,0.0000,0.0000,1280.0000,Heavy,29.2000,62.7000,0.0000,True,3375.0000
1789820685.1706,0.0000,0.0000,1303.0000,Heavy,29.2000,62.7000,0.0000,True,3380.0000
1789820690.1880,0.0000,0.0000,1323.0000,Heavy,29.2000,62.7000,0.0000,True,3385.0000
1789820695.2606,0.0000,0.0000,1334.0000,Heavy,29.2000,62.7000,0.0000,True,3390.0000
1789820700.2199,0.0000,0.0000,1345.0000,Heavy,29.2000,62.7000,0.0000,True,3395.0000
1789820705.1397,0.0000,0.0000,1351.0000,Heavy,29.2000,62.8000,0.0000,True,3400.0000
1789820710.2479,0.0000,0.0000,1360.0000,Heavy,29.2000,62.8000,0.0000,True,3405.0000
1789820715.1712,0.0000,0.0000,1363.0000,Heavy,29.2000,62.8000,0.0000,True,3410.0000
1789820720.1858,0.0000,0.0000,1361.0000,Heavy,29.2000,62.8000,0.0000,True,3415.0000
1789820725.1312,0.0000,0.0000,1364.0000,Heavy,29.2000,62.8000,0.0000,True,3420.0000
1789820730.1434,0.0000,0.0000,2202.0000,Light,29.2000,62.9000,0.0000,True,3425.0000
1789820735.2424,0.0000,0.0000,2798.0000,Light,29.2000,62.9000,0.0000,True,3430.0000
1789820740.1572,0.0000,0.0000,2843.0000,Light,29.2000,62.9000,0.0000,True,3435.0000
1789820745.1358,1.4300,0.0000,2831.0000,Light,29.2000,62.9000,1316.0000,True,3440.0000
1789820750.1928,2.2100,0.0000,2829.0000,Light,29.2000,62.9000,1702.0000,True,3445.0000
1789820755.2099,2.8300,0.0000,2855.0000,Light,29.2000,62.9000,1830.0000,True,3450.0000
1789820760.8376,3.0300,0.0000,2905.0000,Light,29.2000,62.9000,1875.0000,True,3455.0000
1789820765.1482,0.7400,0.0000,2989.0000,Light,29.2000,62.9000,777.0000,True,3460.0000
1789820770.1628,0.3700,-2.5570,3093.0000,Dry,29.2000,63.0000,382.0000,True,3465.0000
1789820775.1830,0.0000,0.0000,3167.0000,Dry,29.2000,63.0000,0.0000,True,3470.0000
1789820780.1992,0.0000,0.0000,3226.0000,Dry,29.3000,62.9000,0.0000,True,3475.0000
1789820785.2124,1.1500,0.0000,3269.0000,Dry,29.3000,63.0000,1141.0000,True,3480.0000
1789820790.2303,1.6300,0.0000,3313.0000,Dry,29.3000,63.1000,1436.0000,True,3485.0000
1789820795.1472,1.7500,0.0000,3351.0000,Dry,29.3000,63.1000,1510.0000,True,3490.0000
1789820800.1654,1.7500,0.0000,3406.0000,Dry,29.3000,63.1000,1554.0000,True,3495.0000
1789820805.1843,1.8400,0.0000,3434.0000,Dry,29.3000,63.0000,1566.0000,True,3500.0000
1789820810.2045,1.8400,0.8460,3473.0000,Dry,29.3000,63.0000,1580.0000,True,3505.0000
1789820815.2164,1.8400,0.5070,3504.0000,Dry,29.3000,63.0000,1593.0000,True,3510.0000
1789820820.2353,1.8400,0.2190,3534.0000,Dry,29.3000,63.1000,1610.0000,True,3515.0000
1789820825.1623,0.0000,0.0000,3576.0000,Dry,29.3000,63.1000,0.0000,True,3520.0000
1789820830.1333,0.0000,0.0000,3619.0000,Dry,29.3000,63.1000,0.0000,True,3525.0000
1789820835.1835,0.0000,0.0000,3630.0000,Dry,29.3000,63.1000,0.0000,True,3530.0000
1789820840.3065,0.0000,0.0000,3648.0000,Dry,29.3000,63.1000,0.0000,True,3535.0000
1789820845.2205,0.0000,0.0000,3668.0000,Dry,29.3000,63.1000,0.0000,True,3540.0000
1789820850.1414,0.0000,0.0000,3695.0000,Dry,29.3000,63.1000,0.0000,True,3545.0000
1789820855.1544,0.0000,0.0000,3704.0000,Dry,29.3000,63.1000,0.0000,True,3550.0000
1789820860.1689,0.0000,0.0000,3718.0000,Dry,29.3000,63.1000,0.0000,True,3555.0000
1789820865.1861,0.0000,0.0000,3725.0000,Dry,29.3000,63.1000,0.0000,True,3560.0000
1789821605.1563,0.2600,0.0000,4095.0000,Dry,29.8000,69.6000,226.0000,True,4300.0000
1789821610.1484,0.2600,0.0000,4095.0000,Dry,29.8000,69.6000,226.0000,True,4305.0000
1789821615.1657,0.4600,0.0000,4095.0000,Dry,29.7000,69.7000,474.0000,True,4310.0000
1789821620.2303,1.7200,0.7770,4095.0000,Dry,29.7000,69.7000,1494.0000,True,4315.0000
1789821625.2051,2.9500,5.8420,4095.0000,Dry,29.7000,69.7000,1859.0000,True,4320.0000
1789821630.2167,2.5600,6.8850,4095.0000,Dry,29.8000,69.6000,1768.0000,True,4325.0000
1789821635.3392,1.7300,5.0070,4095.0000,Dry,29.8000,69.6000,1501.0000,True,4330.0000
1789821640.1489,0.4700,0.0000,2597.0000,Light,29.8000,69.6000,492.0000,True,4335.0000
1789821645.1671,1.9100,-3.1200,3198.0000,Dry,29.8000,69.6000,1611.0000,True,4340.0000
1789934178.2653,0.7500,0.1970,1467.0000,Heavy,28.5000,62.8000,857.0000,True,270.0000
1789934183.2826,0.6100,0.0000,1441.0000,Heavy,28.5000,62.9000,633.0000,True,275.0000
1789934188.2114,0.0000,-0.2490,1535.0000,Light,28.5000,62.8000,377.0000,True,280.0000
1789934193.3174,0.0000,-1.7320,1552.0000,Light,28.5000,62.8000,283.0000,True,285.0000
1789934198.2316,0.6100,-0.8660,1542.0000,Light,28.5000,62.9000,636.0000,True,290.0000
1789934203.2504,0.6100,0.0000,1404.0000,Heavy,28.5000,62.9000,709.0000,True,295.0000
1789934208.2691,0.7000,0.5490,1311.0000,Heavy,28.5000,62.9000,733.0000,True,300.0000
1789934213.2164,0.7000,1.6820,1299.0000,Heavy,28.5000,63.0000,729.0000,True,305.0000
1789934218.3028,0.6100,0.5490,1199.0000,Heavy,28.5000,63.0000,639.0000,True,310.0000
1789934223.3194,0.6100,0.0000,1223.0000,Heavy,28.5000,63.0000,636.0000,True,315.0000
1789934228.2137,0.6100,0.0000,1278.0000,Heavy,28.5000,63.0000,629.0000,True,320.0000
1789934233.2541,0.6100,-0.2130,1313.0000,Heavy,28.5000,63.0000,625.0000,True,325.0000
1789934238.2754,0.5200,-0.2800,1316.0000,Heavy,28.5000,62.9000,540.0000,True,330.0000
1789934243.2893,0.8300,0.0000,1260.0000,Heavy,28.5000,63.0000,871.0000,True,335.0000
1789934248.3077,0.8300,0.5250,1590.0000,Light,28.5000,62.9000,907.0000,True,340.0000
1789934253.2133,2.6100,1.3130,2192.0000,Light,28.5000,62.9000,1780.0000,True,345.0000
1789934258.2386,3.2800,6.4110,2236.0000,Light,28.5000,63.0000,1921.0000,True,350.0000
1789934263.3585,0.8700,3.7470,2193.0000,Light,28.5000,63.0000,909.0000,True,355.0000
1789934268.2741,0.5700,0.0000,2169.0000,Light,28.6000,63.0000,596.0000,True,360.0000
1789934273.2917,0.0000,-5.2020,2167.0000,Light,28.6000,63.0000,421.0000,True,365.0000
1789934278.2105,0.7300,-6.8600,2160.0000,Light,28.6000,63.1000,761.0000,True,370.0000
1789934283.2117,0.7300,-3.5430,2157.0000,Light,28.6000,63.0000,789.0000,True,375.0000
1789934288.2150,0.7300,0.0000,2148.0000,Light,28.6000,63.0000,760.0000,True,380.0000
1789934293.2607,0.7300,0.3740,2145.0000,Light,28.6000,63.0000,763.0000,True,385.0000
1789934298.3858,0.7300,0.0000,2139.0000,Light,28.6000,63.0000,775.0000,True,390.0000
1789934303.2948,0.7300,0.0000,2137.0000,Light,28.6000,63.0000,791.0000,True,395.0000
1789934308.3138,0.7300,0.0000,2142.0000,Light,28.6000,63.0000,806.0000,True,400.0000
1789934313.2275,0.7300,0.0000,2141.0000,Light,28.6000,63.1000,828.0000,True,405.0000
1789934318.4516,1.4400,0.0000,2139.0000,Light,28.6000,63.2000,1323.0000,True,410.0000
1789934323.3617,1.5300,1.9230,2140.0000,Light,28.6000,63.1000,1375.0000,True,415.0000
1789934328.2806,1.5300,2.4030,2143.0000,Light,28.6000,63.1000,1391.0000,True,420.0000
1789934333.2998,1.5300,1.9230,2144.0000,Light,28.6000,63.1000,1412.0000,True,425.0000
1789934338.2143,1.5300,0.3380,2143.0000,Light,28.6000,63.1000,1411.0000,True,430.0000
1789934343.3799,1.6300,0.3020,2140.0000,Light,28.6000,63.0000,1437.0000,True,435.0000
1789934348.2116,1.7400,0.4030,2140.0000,Light,28.6000,63.1000,1505.0000,True,440.0000
1789934353.4690,1.7400,0.6340,2139.0000,Light,28.6000,63.1000,1506.0000,True,445.0000
1789934358.2838,0.4400,0.6050,1357.0000,Heavy,28.6000,63.1000,509.0000,True,450.0000
1789934363.3009,0.5200,-2.4090,1679.0000,Light,28.6000,63.1000,546.0000,True,455.0000
1789934368.2133,0.6900,-3.1420,1800.0000,Light,28.6000,63.1000,724.0000,True,460.0000
1789934373.2353,0.8000,-2.2580,2039.0000,Light,28.6000,63.2000,837.0000,True,465.0000
1789934378.2520,0.8000,0.9610,1925.0000,Light,28.6000,63.2000,819.0000,True,470.0000
1789934383.2708,0.8000,0.9610,2024.0000,Light,28.6000,63.4000,824.0000,True,475.0000
1789934388.3895,0.8000,0.4260,1888.0000,Light,28.6000,63.3000,802.0000,True,480.0000
1789934393.4068,0.6300,0.0000,1725.0000,Light,28.6000,63.3000,657.0000,True,485.0000
1789934398.2194,1.3300,0.0000,2186.0000,Light,28.6000,63.4000,1256.0000,True,490.0000
1789934403.2146,1.7500,2.1440,2362.0000,Light,28.6000,63.4000,1509.0000,True,495.0000
1789934408.2232,4.0000,4.9370,2915.0000,Light,28.6000,63.4000,2096.0000,True,500.0000
1789934413.2722,4.0000,8.0000,2870.0000,Light,28.6000,63.4000,2229.0000,True,505.0000
1789934418.2890,4.0000,8.0000,2795.0000,Light,28.6000,63.3000,2288.0000,True,510.0000
1789934423.3075,4.0000,6.3960,2778.0000,Light,28.6000,63.4000,2229.0000,True,515.0000
1789934428.4285,4.0000,0.0000,2774.0000,Light,28.6000,63.4000,2179.0000,True,520.0000
1789934433.2401,4.0000,0.0000,2777.0000,Light,28.6000,63.4000,2200.0000,True,525.0000
1789934438.2574,3.0700,0.0000,2797.0000,Light,28.6000,63.4000,1882.0000,True,530.0000
1789934443.2721,1.1600,-3.7330,2860.0000,Light,28.6000,63.4000,1148.0000,True,535.0000
1789934448.2931,0.9200,-8.0000,2934.0000,Light,28.6000,63.4000,970.0000,True,540.0000
1789934453.3107,0.9200,-8.0000,3021.0000,Dry,28.6000,63.4000,899.0000,True,545.0000
1789934458.2977,0.8400,-7.5780,3095.0000,Dry,28.6000,63.4000,883.0000,True,550.0000
1789934463.2424,0.8400,-1.2680,3138.0000,Dry,28.6000,63.4000,881.0000,True,555.0000
1789934468.2153,0.8400,-0.4920,3161.0000,Dry,28.6000,63.5000,891.0000,True,560.0000
1789934473.2364,1.0000,0.0000,3182.0000,Dry,28.6000,63.6000,1051.0000,True,565.0000
1789934478.5067,1.1500,0.5440,3203.0000,Dry,28.6000,63.6000,1143.0000,True,570.0000
1789934483.3127,1.1500,0.9260,3226.0000,Dry,28.6000,63.5000,1147.0000,True,575.0000
1789934488.2290,1.1500,0.9260,3253.0000,Dry,28.6000,63.6000,1120.0000,True,580.0000
1789934493.2483,1.1500,0.5980,3265.0000,Dry,28.6000,63.6000,1095.0000,True,585.0000
1789934498.4787,1.0400,0.0000,3290.0000,Dry,28.6000,63.7000,1074.0000,True,590.0000
1789934503.2816,1.0400,-0.2690,3306.0000,Dry,28.6000,63.6000,1074.0000,True,595.0000
1789934508.2991,1.0400,-0.3370,3313.0000,Dry,28.7000,63.9000,1073.0000,True,600.0000
1789934513.3170,1.0400,-0.2690,3327.0000,Dry,28.6000,63.8000,1065.0000,True,605.0000
1789934518.2326,1.0400,0.0000,3345.0000,Dry,28.6000,63.7000,1119.0000,True,610.0000
1789934523.2500,1.1700,0.0000,3368.0000,Dry,28.6000,63.6000,1156.0000,True,615.0000
1789934528.2275,1.4200,0.5330,3380.0000,Dry,28.7000,63.6000,1310.0000,True,620.0000
1789934533.2851,1.4200,1.1510,3406.0000,Dry,28.6000,63.6000,1329.0000,True,625.0000
1789934538.2114,1.4200,1.1510,3427.0000,Dry,28.7000,63.7000,1316.0000,True,630.0000
1789934543.4213,1.4200,0.9210,3450.0000,Dry,28.7000,63.7000,1325.0000,True,635.0000
1789934548.2349,2.7700,1.0020,3464.0000,Dry,28.7000,63.7000,1818.0000,True,640.0000
1789934553.2516,3.4000,4.7450,3487.0000,Dry,28.6000,63.9000,1942.0000,True,645.0000
1789934558.2702,3.3100,5.6650,3517.0000,Dry,28.7000,63.9000,1926.0000,True,650.0000
1789934563.2883,3.6100,5.6650,3548.0000,Dry,28.7000,63.9000,1982.0000,True,655.0000
1789934568.3069,3.4300,3.3440,3561.0000,Dry,28.7000,63.9000,1947.0000,True,660.0000
1789934573.3232,4.0000,2.3400,3570.0000,Dry,28.7000,64.0000,2163.0000,True,665.0000
1789934578.2384,4.0000,1.5600,3580.0000,Dry,28.7000,64.1000,2168.0000,True,670.0000
1789934583.2562,4.0000,1.6530,3596.0000,Dry,28.7000,64.1000,2116.0000,True,675.0000
1789934588.2135,4.0000,0.9360,3611.0000,Dry,28.7000,64.2000,2139.0000,True,680.0000
1789934593.2898,0.0000,0.0000,986.0000,Heavy,28.7000,64.2000,0.0000,True,685.0000
1789934598.3085,0.0000,0.0000,1419.0000,Heavy,28.7000,64.2000,335.0000,True,690.0000
1789934603.3263,0.5400,0.0000,1762.0000,Light,28.7000,64.2000,562.0000,True,695.0000
1789934608.2415,0.5400,0.0000,1790.0000,Light,28.7000,64.3000,613.0000,True,700.0000
1789934613.2591,0.5400,0.0000,1801.0000,Light,28.7000,64.3000,626.0000,True,705.0000
1789934618.2752,0.5400,0.0000,1806.0000,Light,28.7000,64.4000,625.0000,True,710.0000
1789934623.2946,0.5400,0.0000,1789.0000,Light,28.7000,64.4000,615.0000,True,715.0000
1789934628.3124,0.5400,0.0000,1605.0000,Light,28.7000,64.4000,549.0000,True,720.0000
1789934633.3292,0.0600,0.0000,1382.0000,Heavy,28.7000,64.4000,433.0000,True,725.0000
1789934638.4456,0.9500,0.0000,1912.0000,Light,28.7000,64.4000,993.0000,True,730.0000
1789934643.2626,0.9500,0.9760,1892.0000,Light,28.7000,64.4000,979.0000,True,735.0000
1789934648.2141,1.0800,1.5620,1974.0000,Light,28.7000,64.4000,1097.0000,True,740.0000
1789934653.2977,1.0800,1.5620,1992.0000,Light,28.7000,64.6000,1078.0000,True,745.0000
1789934658.3180,0.9900,0.7810,1989.0000,Light,28.7000,64.6000,1036.0000,True,750.0000
1789934663.2288,0.9900,0.0000,1987.0000,Light,28.7000,64.5000,999.0000,True,755.0000
1789934668.3463,0.9900,0.0000,1981.0000,Light,28.7000,64.5000,968.0000,True,760.0000
1789934673.3734,2.9300,0.0000,1951.0000,Light,28.7000,64.5000,1854.0000,True,765.0000
1789934678.2179,3.9500,6.8970,2811.0000,Light,28.7000,64.6000,2050.0000,True,770.0000
1789934683.2139,3.9500,8.0000,2665.0000,Light,28.7000,64.6000,2055.0000,True,775.0000
1789934688.2147,3.7300,8.0000,2422.0000,Light,28.7000,64.6000,2006.0000,True,780.0000
1789934693.2110,3.5700,3.1980,2241.0000,Light,28.7000,64.8000,1973.0000,True,785.0000
1789934698.2174,3.5700,-0.9900,2206.0000,Light,28.7000,64.8000,1968.0000,True,790.0000
1789934703.2111,3.4400,-1.3200,2181.0000,Light,28.7000,64.7000,1949.0000,True,795.0000
1789934708.2128,1.9100,-1.9800,2165.0000,Light,28.7000,64.6000,1610.0000,True,800.0000
1789934713.2127,1.0800,-6.3490,2154.0000,Light,28.7000,64.6000,1102.0000,True,805.0000
1789934718.3213,0.9300,-7.4410,2143.0000,Light,28.7000,64.6000,980.0000,True,810.0000
1789934723.2377,0.9300,-7.5150,2144.0000,Light,28.7000,64.6000,952.0000,True,815.0000
1789934728.2543,0.9300,-3.9060,2151.0000,Light,28.7000,64.7000,947.0000,True,820.0000
1789934733.2110,0.8200,-0.9040,2152.0000,Light,28.7000,64.7000,861.0000,True,825.0000
1789934738.2912,0.8200,-0.6020,2160.0000,Light,28.7000,64.8000,835.0000,True,830.0000
1789934743.3098,0.8200,-0.3370,2174.0000,Light,28.7000,64.8000,824.0000,True,835.0000
1789934748.3239,0.8200,-0.2690,2184.0000,Light,28.7000,64.8000,853.0000,True,840.0000
1789934753.2397,0.0000,-0.4490,2198.0000,Light,28.7000,64.8000,374.0000,True,845.0000
1789934758.2573,0.0000,-1.9720,2199.0000,Light,28.7000,64.8000,264.0000,True,850.0000
1789934763.2746,0.0000,-2.4650,2210.0000,Light,28.7000,64.8000,238.0000,True,855.0000
1789934768.2136,0.0000,-1.9720,2240.0000,Light,28.7000,64.9000,224.0000,True,860.0000
1789934773.4155,0.0000,0.0000,2252.0000,Light,28.7000,64.9000,208.0000,True,865.0000
1789934778.3275,0.0000,0.0000,2272.0000,Light,28.7000,64.9000,185.0000,True,870.0000
1789934783.2428,0.0000,0.0000,2296.0000,Light,28.7000,65.0000,154.0000,True,875.0000
1789934788.2601,0.0000,0.0000,2319.0000,Light,28.7000,65.1000,364.0000,True,880.0000
1789934793.2777,1.9000,0.0000,2349.0000,Light,28.7000,65.0000,1601.0000,True,885.0000
1789934798.2955,4.0000,7.5840,2370.0000,Light,28.7000,65.0000,2099.0000,True,890.0000
1789934803.3145,4.0000,8.0000,2390.0000,Light,28.7000,65.1000,2077.0000,True,895.0000
1789934808.3304,3.7000,8.0000,2415.0000,Light,28.7000,65.1000,2000.0000,True,900.0000
1789934813.2458,3.7000,7.2160,2440.0000,Light,28.7000,65.3000,2011.0000,True,905.0000
1789934818.2636,3.7000,0.0000,2459.0000,Light,28.7000,65.2000,1986.0000,True,910.0000
1789934823.2805,2.5100,-1.8000,2480.0000,Light,28.7000,65.1000,1757.0000,True,915.0000
1789934828.2163,1.7000,-4.7650,1754.0000,Light,28.7000,65.1000,1480.0000,True,920.0000
1789934833.3200,2.0200,-5.0500,1443.0000,Heavy,28.7000,65.1000,1668.0000,True,925.0000
1789934838.2308,3.9900,-2.9520,1583.0000,Light,28.7000,65.1000,2057.0000,True,930.0000
1789934843.2486,3.9900,0.8550,1646.0000,Light,28.7000,65.3000,2100.0000,True,935.0000
1789934848.2671,3.9900,4.4290,1659.0000,Light,28.7000,65.3000,2093.0000,True,940.0000
1789934853.4898,3.9900,5.4860,1667.0000,Light,28.7000,65.3000,2074.0000,True,945.0000
1789934858.3002,3.9900,0.0000,1669.0000,Light,28.7000,65.3000,2069.0000,True,950.0000
1789934863.3205,3.9900,0.0000,1665.0000,Light,28.7000,65.3000,2064.0000,True,955.0000
1789934868.2342,3.9900,0.0000,1663.0000,Light,28.7000,65.3000,2064.0000,True,960.0000
1789934873.2510,3.9900,0.0000,1664.0000,Light,28.7000,65.3000,2045.0000,True,965.0000
1789934878.2302,3.9900,0.0000,1670.0000,Light,28.7000,65.3000,2069.0000,True,970.0000
1789934883.2865,3.9900,0.0000,1666.0000,Light,28.7000,65.3000,2252.0000,True,975.0000
1789934888.2107,2.9700,0.0000,1668.0000,Light,28.7000,65.3000,1864.0000,True,980.0000
1789934893.2204,2.2900,-4.0440,1673.0000,Light,28.7000,65.3000,1717.0000,True,985.0000
1789934898.2248,1.9600,-6.0670,1666.0000,Light,28.7000,65.3000,1641.0000,True,990.0000
1789934903.2538,1.9600,-6.0720,1677.0000,Light,28.7000,65.4000,1627.0000,True,995.0000
1789934908.2735,1.9600,-4.0520,1676.0000,Light,28.7000,65.4000,1602.0000,True,1000.0000
1789934913.2909,1.8500,-1.3850,1677.0000,Light,28.7000,65.4000,1570.0000,True,1005.0000
1789934918.2215,1.8500,-0.6930,1676.0000,Light,28.7000,65.4000,1542.0000,True,1010.0000
1789934923.4248,1.7600,-0.4800,1678.0000,Light,28.7000,65.4000,1518.0000,True,1015.0000
1789934928.2402,1.7600,-0.5070,1679.0000,Light,28.7000,65.4000,1500.0000,True,1020.0000
1789934933.2573,1.7600,-0.4800,1678.0000,Light,28.7000,65.4000,1492.0000,True,1025.0000
1789934938.2762,1.9900,0.0000,1674.0000,Light,28.7000,65.4000,1659.0000,True,1030.0000
1789934943.2956,3.6200,0.9170,1676.0000,Light,28.7000,65.4000,1985.0000,True,1035.0000
1789934948.2160,3.6200,4.4740,1679.0000,Light,28.7000,65.5000,1998.0000,True,1040.0000
1789934953.3276,3.6200,5.5920,1678.0000,Light,28.7000,65.5000,1987.0000,True,1045.0000
1789934958.2447,3.6200,4.4740,1674.0000,Light,28.7000,65.5000,1984.0000,True,1050.0000
1789934963.2628,2.1100,0.0000,1664.0000,Light,28.7000,65.5000,1684.0000,True,1055.0000
1789934968.2786,2.4200,-2.9000,1665.0000,Light,28.7000,65.5000,1740.0000,True,1060.0000
1789934973.2181,2.2200,-3.6250,1664.0000,Light,28.7000,65.5000,1704.0000,True,1065.0000
1789934978.3138,1.9700,-3.9620,1665.0000,Light,28.7000,65.7000,1649.0000,True,1070.0000
1789934983.2114,1.9700,-2.4000,1664.0000,Light,28.7000,65.6000,1642.0000,True,1075.0000
1789934988.4602,1.8900,-0.9950,1660.0000,Light,28.7000,65.7000,1598.0000,True,1080.0000
1789934993.4656,3.9500,-0.9950,1661.0000,Light,28.7000,65.6000,2051.0000,True,1085.0000
1789934998.2816,2.5200,0.7220,1663.0000,Light,28.7000,65.6000,1759.0000,True,1090.0000
1789935003.2115,3.8700,3.7580,1657.0000,Light,28.7000,65.7000,2033.0000,True,1095.0000
1789935008.2461,3.8700,4.5380,1661.0000,Light,28.7000,66.0000,2024.0000,True,1100.0000
1789935013.2319,3.6000,3.7580,1654.0000,Light,28.8000,66.0000,1979.0000,True,1105.0000
1789935018.2504,3.3200,-1.0800,1660.0000,Light,28.8000,65.7000,1928.0000,True,1110.0000
1789935023.2675,3.2100,-1.6200,1655.0000,Light,28.8000,65.7000,1907.0000,True,1115.0000
1789935028.2506,3.1100,-1.9780,1660.0000,Light,28.8000,65.7000,1889.0000,True,1120.0000
1789935033.3015,3.0200,-1.9580,1655.0000,Light,28.8000,65.7000,1873.0000,True,1125.0000
1789935038.3200,3.0200,-1.2220,1659.0000,Light,28.8000,65.7000,1857.0000,True,1130.0000
1789935043.2352,2.8900,-1.0450,1660.0000,Light,28.8000,65.8000,1844.0000,True,1135.0000
1789935048.2142,2.9900,-0.7560,1660.0000,Light,28.8000,65.7000,1867.0000,True,1140.0000
1789935053.2710,4.0000,0.0000,1660.0000,Light,28.8000,65.7000,2082.0000,True,1145.0000
1789935058.2675,4.0000,2.3600,1655.0000,Light,28.8000,65.7000,2138.0000,True,1150.0000
1789935063.3957,4.0000,2.9500,1663.0000,Light,28.8000,65.7000,2154.0000,True,1155.0000
1789935068.2280,4.0000,2.6710,1665.0000,Light,28.8000,65.7000,2143.0000,True,1160.0000
1789935073.2404,3.1800,0.0000,1670.0000,Light,28.8000,65.7000,1903.0000,True,1165.0000
1789935078.2552,2.8400,-2.7760,1670.0000,Light,28.8000,65.8000,1834.0000,True,1170.0000
1789935083.2116,2.7100,-3.4700,1670.0000,Light,28.8000,65.8000,1803.0000,True,1175.0000
1789935088.2931,2.5900,-3.8740,1665.0000,Light,28.8000,65.8000,1775.0000,True,1180.0000
1789935093.3156,2.4500,-2.3860,1664.0000,Light,28.8000,65.8000,1746.0000,True,1185.0000
1789935098.5954,2.4500,-1.5740,1663.0000,Light,28.8000,65.8000,1732.0000,True,1190.0000
1789935103.2406,2.3300,-1.2380,1645.0000,Light,28.8000,65.8000,1724.0000,True,1195.0000
1789935108.2236,2.2400,-1.0370,1642.0000,Light,28.8000,66.0000,1709.0000,True,1200.0000
1789935113.2774,1.9800,-1.2330,1641.0000,Light,28.8000,66.0000,1654.0000,True,1205.0000
1789935118.2922,0.6500,-1.8720,1639.0000,Light,28.8000,66.0000,677.0000,True,1210.0000
1789935123.4152,0.0000,-5.8800,1873.0000,Light,28.8000,66.0000,411.0000,True,1215.0000
1789935128.2184,0.0000,-6.7330,2862.0000,Light,28.8000,66.0000,350.0000,True,1220.0000
1789935133.2450,0.0000,-5.9460,3054.0000,Dry,28.8000,66.0000,352.0000,True,1225.0000
1789935138.2109,0.0000,-2.5920,3077.0000,Dry,28.8000,66.0000,376.0000,True,1230.0000
1789935143.2807,0.9500,0.0000,3124.0000,Dry,28.8000,66.0000,993.0000,True,1235.0000
1789935148.2988,0.9500,2.2710,3170.0000,Dry,28.8000,66.0000,969.0000,True,1240.0000
1789935153.3156,0.8500,2.5530,3218.0000,Dry,28.8000,66.0000,892.0000,True,1245.0000
1789935158.2297,1.2400,2.9660,3286.0000,Dry,28.8000,66.1000,1195.0000,True,1250.0000
1789935163.2434,1.4000,1.9510,3321.0000,Dry,28.8000,66.0000,1295.0000,True,1255.0000
1789935168.2649,1.4000,1.3560,3333.0000,Dry,28.8000,66.1000,1298.0000,True,1260.0000
1789935173.2845,1.4900,1.3560,3360.0000,Dry,28.8000,66.2000,1352.0000,True,1265.0000
1789935178.3014,1.4900,1.0210,3387.0000,Dry,28.8000,66.2000,1375.0000,True,1270.0000
1789935183.3295,1.4900,0.5560,3412.0000,Dry,28.8000,66.2000,1368.0000,True,1275.0000
1789935188.2098,2.9800,0.5560,3419.0000,Dry,28.8000,66.2000,1866.0000,True,1280.0000
1789935193.2519,2.9800,3.8020,3440.0000,Dry,28.8000,66.2000,1868.0000,True,1285.0000
1789935198.2689,2.5400,3.1440,3453.0000,Dry,28.8000,66.2000,1764.0000,True,1290.0000
